{
  "Attard": [
    35.89158,
    14.4248
  ],
  "Balzan": [
    35.89738,
    14.44741
  ],
  "Birkirkara": [
    35.89574,
    14.45658
  ],
  "Birzebbuga": [
    35.8238,
    14.50649
  ],
  "Cospicua": [
    35.88106,
    14.51644
  ],
  "Dingli": [
    35.85921,
    14.37017
  ],
  "Fgura": [
    35.87281,
    14.51684
  ],
  "Floriana": [
    35.89193,
    14.50044
  ],
  "Gharghur": [
    35.9227,
    14.44798
  ],
  "Ghaxaq": [
    35.84683,
    14.50594
  ],
  "Gozo - Ghajnsielem": [
    36.02502,
    14.28362
  ],
  "Gozo - Gharb": [
    36.06713,
    14.19503
  ],
  "Gozo - Kercem": [
    36.04335,
    14.20498
  ],
  "Gozo - Munxar": [
    36.02891,
    14.21604
  ],
  "Gozo - Nadur": [
    36.04965,
    14.28253
  ],
  "Gozo - Qala": [
    36.03831,
    14.30742
  ],
  "Gozo - San Lawrenz": [
    36.04797,
    14.18916
  ],
  "Gozo - Sannat": [
    36.02088,
    14.2435
  ],
  "Gozo - Victoria": [
    36.04335,
    14.23154
  ],
  "Gozo - Xaghra": [
    36.05168,
    14.26752
  ],
  "Gozo - Xewkija": [
    36.032,
    14.24884
  ],
  "Gozo - Zebbug": [
    36.06601,
    14.22897
  ],
  "Gudja": [
    35.84674,
    14.49962
  ],
  "Gzira": [
    35.90512,
    14.49346
  ],
  "Hamrun": [
    35.88683,
    14.48569
  ],
  "Iklin": [
    35.9095,
    14.4511
  ],
  "Kalkara": [
    35.89132,
    14.53029
  ],
  "Kirkop": [
    35.84367,
    14.4802
  ],
  "Lija": [
    35.90114,
    14.43885
  ],
  "Luqa": [
    35.85177,
    14.46828
  ],
  "Marsa": [
    35.87578,
    14.48352
  ],
  "Marsascala": [
    35.85982,
    14.55497
  ],
  "Marsaxlokk": [
    35.83352,
    14.54064
  ],
  "Mellieha": [
    35.96342,
    14.33521
  ],
  "Mgarr": [
    35.91883,
    14.34947
  ],
  "Mosta": [
    35.91184,
    14.41168
  ],
  "Mqabba": [
    35.84573,
    14.45748
  ],
  "Msida": [
    35.89782,
    14.47937
  ],
  "Mtarfa": [
    35.88988,
    14.39311
  ],
  "Naxxar": [
    35.93002,
    14.42395
  ],
  "Paola": [
    35.87471,
    14.4968
  ],
  "Pembroke": [
    35.93062,
    14.47199
  ],
  "Pieta": [
    35.89257,
    14.48986
  ],
  "Qormi": [
    35.87667,
    14.45933
  ],
  "Qrendi": [
    35.83077,
    14.4414
  ],
  "Rabat": [
    35.88588,
    14.35485
  ],
  "Safi": [
    35.8349,
    14.48385
  ],
  "San Gwann": [
    35.90863,
    14.47988
  ],
  "Santa Lucia": [
    35.85909,
    14.50072
  ],
  "Santa Venera": [
    35.88952,
    14.47322
  ],
  "Senglea": [
    35.88792,
    14.51448
  ],
  "Siggiewi": [
    35.84734,
    14.4136
  ],
  "Sliema": [
    35.91223,
    14.49969
  ],
  "St Julian's": [
    35.91986,
    14.48087
  ],
  "St Paul's Bay": [
    35.93579,
    14.38177
  ],
  "Swieqi": [
    35.92315,
    14.46222
  ],
  "Ta' Xbiex": [
    35.89926,
    14.49362
  ],
  "Tarxien": [
    35.86768,
    14.50854
  ],
  "Valletta": [
    35.89849,
    14.50879
  ],
  "Vittoriosa": [
    35.88928,
    14.51901
  ],
  "Xghajra": [
    35.88463,
    14.54172
  ],
  "Zabbar": [
    35.87442,
    14.537
  ],
  "Zebbug": [
    35.87328,
    14.4305
  ],
  "Zejtun": [
    35.85787,
    14.52515
  ],
  "Zurrieq": [
    35.8266,
    14.47728
  ]
}
